<?xml version="1.0" encoding="UTF-8"?>
<project-private xmlns="http://www.netbeans.org/ns/project-private/1">
    <editor-bookmarks xmlns="http://www.netbeans.org/ns/editor-bookmarks/2" lastBookmarkId="0"/>
    <open-files xmlns="http://www.netbeans.org/ns/projectui-open-files/2">
        <group>
            <file>file:/C:/Users/osgrillo/Documents/NetBeansProjects/UAMExpress/src/MainMenu/FXMLMainMenuController.java</file>
            <file>file:/C:/Users/osgrillo/Documents/NetBeansProjects/UAMExpress/src/FXMLClient/Client/ClientOperation.java</file>
            <file>file:/C:/Users/osgrillo/Documents/NetBeansProjects/UAMExpress/src/FXMLClient/FXMLClientController.java</file>
            <file>file:/C:/Users/osgrillo/Documents/NetBeansProjects/UAMExpress/src/SearchClient/FXMLSearch.fxml</file>
            <file>file:/C:/Users/osgrillo/Documents/NetBeansProjects/UAMExpress/src/DeleteClient/FXMLDeleteController.java</file>
            <file>file:/C:/Users/osgrillo/Documents/NetBeansProjects/UAMExpress/src/MainMenu/FXMLMainMenu.fxml</file>
            <file>file:/C:/Users/osgrillo/Documents/NetBeansProjects/UAMExpress/src/SearchClient/FXMLSearchController.java</file>
            <file>file:/C:/Users/osgrillo/Documents/NetBeansProjects/UAMExpress/src/uamexpress/UAMExpressController.java</file>
            <file>file:/C:/Users/osgrillo/Documents/NetBeansProjects/UAMExpress/src/uamexpress/UAMExpress.fxml</file>
            <file>file:/C:/Users/osgrillo/Documents/NetBeansProjects/UAMExpress/src/uamexpress/UAMExpress.java</file>
        </group>
    </open-files>
</project-private>
